osm_node_id,lat,lon,node_type
osm_node_00001,25.1864686,91.9967278,osm_network_node
osm_node_00002,25.18638,91.9965097,osm_network_node
osm_node_00003,25.1153993,92.0847738,osm_network_node
osm_node_00004,25.1117757,92.1553226,osm_network_node
osm_node_00005,25.1390444,92.1199214,osm_network_node
osm_node_00006,25.1502644,92.112709,osm_network_node
osm_node_00007,24.996775,92.4304152,osm_network_node
osm_node_00008,25.0042614,92.4355799,osm_network_node
osm_node_00009,25.0079671,92.5020717,osm_network_node
osm_node_00010,24.996775,92.5164062,osm_network_node
osm_node_00011,24.996775,92.4554396,osm_network_node
osm_node_00012,25.0093429,92.4357757,osm_network_node
osm_node_00013,25.0374291,92.4368511,osm_network_node
osm_node_00014,25.032995,92.4386566,osm_network_node
osm_node_00015,25.0345013,92.4603715,osm_network_node
osm_node_00016,25.0488601,92.4059536,osm_network_node
osm_node_00017,25.0495084,92.4061356,osm_network_node
osm_node_00018,25.0497118,92.4058194,osm_network_node
osm_node_00019,25.0617636,92.3847413,osm_network_node
osm_node_00020,25.0618851,92.3843926,osm_network_node
osm_node_00021,25.0719616,92.3794918,osm_network_node
osm_node_00022,25.0806456,92.3541614,osm_network_node
osm_node_00023,25.0720513,92.3788131,osm_network_node
osm_node_00024,25.1078801,92.362318,osm_network_node
osm_node_00025,25.1084653,92.3613162,osm_network_node
osm_node_00026,25.1114692,92.3623389,osm_network_node
osm_node_00027,25.1119501,92.3629098,osm_network_node
osm_node_00028,25.1694993,92.3936892,osm_network_node
osm_node_00029,25.1504307,92.1121149,osm_network_node
osm_node_00030,25.1522829,92.1085237,osm_network_node
osm_node_00031,25.1526874,92.1083866,osm_network_node
osm_node_00032,25.1546355,92.1057205,osm_network_node
osm_node_00033,25.1550618,92.1053395,osm_network_node
osm_node_00034,25.1589742,92.1000891,osm_network_node
osm_node_00035,25.1594823,92.0995068,osm_network_node
osm_node_00036,25.1645071,92.0960644,osm_network_node
osm_node_00037,25.1648717,92.0958493,osm_network_node
osm_node_00038,25.1262412,92.1162585,osm_network_node
osm_node_00039,25.1383165,92.120375,osm_network_node
osm_node_00040,25.1812989,92.0349856,osm_network_node
osm_node_00041,25.1567425,92.0175478,osm_network_node
osm_node_00042,25.1772441,92.0558506,osm_network_node
osm_node_00043,25.1770172,92.0554223,osm_network_node
osm_node_00044,25.1838543,92.032028,osm_network_node
osm_node_00045,25.1812347,92.0342852,osm_network_node
osm_node_00046,25.1815188,92.0343092,osm_network_node
osm_node_00047,25.1807238,91.991546,osm_network_node
osm_node_00048,25.1845564,92.0259717,osm_network_node
osm_node_00049,25.1857931,92.0262928,osm_network_node
osm_node_00050,25.1897692,92.0194607,osm_network_node
osm_node_00051,25.1889922,92.005312,osm_network_node
osm_node_00052,25.1898872,92.0072975,osm_network_node
osm_node_00053,25.1901875,92.0187109,osm_network_node
osm_node_00054,25.189179,92.0053723,osm_network_node
osm_node_00055,25.1893526,92.0066102,osm_network_node
osm_node_00056,25.2112168,92.0604891,osm_network_node
osm_node_00057,25.2101126,92.0771,osm_network_node
osm_node_00058,25.2051935,92.0405361,osm_network_node
osm_node_00059,25.2208817,92.0883259,osm_network_node
osm_node_00060,25.1904084,92.0049593,osm_network_node
osm_node_00061,25.1898805,92.0072264,osm_network_node
osm_node_00062,25.1905637,92.0050706,osm_network_node
osm_node_00063,25.1915946,92.0041412,osm_network_node
osm_node_00064,25.1915789,92.0040158,osm_network_node
osm_node_00065,25.2067385,91.991546,osm_network_node
osm_node_00066,25.1513011,92.2130316,osm_network_node
osm_node_00067,25.1638115,92.2534874,osm_network_node
osm_node_00068,25.1639098,92.2533493,osm_network_node
osm_node_00069,25.2330091,92.2501937,osm_network_node
osm_node_00070,25.2337388,92.1471673,osm_network_node
osm_node_00071,25.2042616,92.2061142,osm_network_node
osm_node_00072,25.2355561,92.2235137,osm_network_node
osm_node_00073,25.2299107,92.2222249,osm_network_node
osm_node_00074,25.2345547,92.2249393,osm_network_node
osm_node_00075,25.2356113,92.2236244,osm_network_node
osm_node_00076,25.1876511,92.1544146,osm_network_node
osm_node_00077,25.2213867,92.1482697,osm_network_node
osm_node_00078,25.2215008,92.1483689,osm_network_node
osm_node_00079,25.2311603,92.1478996,osm_network_node
osm_node_00080,25.2644533,92.2166902,osm_network_node
osm_node_00081,25.2345219,92.1480605,osm_network_node
osm_node_00082,25.2627729,92.1999083,osm_network_node
osm_node_00083,25.2637037,92.2023135,osm_network_node
osm_node_00084,25.2686581,92.3137808,osm_network_node
osm_node_00085,25.2802857,92.3152345,osm_network_node
osm_node_00086,25.3167184,92.2692883,osm_network_node
osm_node_00087,25.3169996,92.2698784,osm_network_node
osm_node_00088,25.3173973,92.2850811,osm_network_node
osm_node_00089,25.2289293,92.0093393,osm_network_node
osm_node_00090,25.2287412,92.0095325,osm_network_node
osm_node_00091,25.2336109,92.029193,osm_network_node
osm_node_00092,25.2527502,92.0199636,osm_network_node
osm_node_00093,25.248963,92.095378,osm_network_node
osm_node_00094,25.279947,92.103224,osm_network_node
osm_node_00095,25.2853796,92.1053771,osm_network_node
osm_node_00096,25.2873144,92.1078419,osm_network_node
osm_node_00097,25.2853777,92.1051989,osm_network_node
osm_node_00098,25.2898217,92.0869625,osm_network_node
osm_node_00099,25.2873038,92.1083385,osm_network_node
osm_node_00100,25.2528181,92.0198402,osm_network_node
osm_node_00101,25.2531626,92.0133439,osm_network_node
osm_node_00102,25.2537423,92.0150202,osm_network_node
osm_node_00103,25.254441,92.0181665,osm_network_node
osm_node_00104,25.253689,92.0152751,osm_network_node
osm_node_00105,25.2544434,92.0180029,osm_network_node
osm_node_00106,25.2566121,92.0411396,osm_network_node
osm_node_00107,25.2672765,92.0261586,osm_network_node
osm_node_00108,25.2897853,92.0868149,osm_network_node
osm_node_00109,25.3377932,92.0910901,osm_network_node
osm_node_00110,25.3306744,92.0947,osm_network_node
osm_node_00111,25.3379171,92.0908916,osm_network_node
osm_node_00112,25.3526329,92.0554309,osm_network_node
osm_node_00113,25.3538019,92.08972,osm_network_node
osm_node_00114,25.349849,92.0967043,osm_network_node
osm_node_00115,25.3538346,92.0896117,osm_network_node
osm_node_00116,25.3530598,92.0544792,osm_network_node
osm_node_00117,25.3567354,92.0890814,osm_network_node
osm_node_00118,25.3567889,92.0889767,osm_network_node
osm_node_00119,25.3596906,92.0854098,osm_network_node
osm_node_00120,25.3599801,92.0854711,osm_network_node
osm_node_00121,25.3632293,92.0785083,osm_network_node
osm_node_00122,25.3631864,92.0784319,osm_network_node
osm_node_00123,25.3762397,92.0697582,osm_network_node
osm_node_00124,25.3471522,92.1442165,osm_network_node
osm_node_00125,25.3883133,92.1538963,osm_network_node
osm_node_00126,25.3674397,92.0733441,osm_network_node
osm_node_00127,25.3674976,92.0731842,osm_network_node
osm_node_00128,25.373652,92.0686455,osm_network_node
osm_node_00129,25.3736947,92.0686,osm_network_node
osm_node_00130,25.3785038,92.0771822,osm_network_node
osm_node_00131,25.3785697,92.0772362,osm_network_node
osm_node_00132,25.316691,92.128929,osm_network_node
osm_node_00133,25.3070196,92.1458799,osm_network_node
osm_node_00134,25.3233765,92.1327167,osm_network_node
osm_node_00135,25.3469304,92.1440235,osm_network_node
osm_node_00136,25.3911293,92.1594205,osm_network_node
osm_node_00137,25.3914264,92.159894,osm_network_node
osm_node_00138,25.423953,92.167128,osm_network_node
osm_node_00139,25.3616089,92.2458592,osm_network_node
osm_node_00140,25.3651765,92.3145533,osm_network_node
osm_node_00141,25.4168787,92.2873263,osm_network_node
osm_node_00142,25.3399729,92.2026193,osm_network_node
osm_node_00143,25.3696783,92.3264663,osm_network_node
osm_node_00144,25.3226997,92.3177062,osm_network_node
osm_node_00145,25.3653122,92.3160526,osm_network_node
osm_node_00146,25.3656744,92.3201249,osm_network_node
osm_node_00147,25.3823758,92.325561,osm_network_node
osm_node_00148,25.3688227,92.3305902,osm_network_node
osm_node_00149,25.3919595,92.3302013,osm_network_node
osm_node_00150,25.3931568,92.315153,osm_network_node
osm_node_00151,25.391662,92.321162,osm_network_node
osm_node_00152,25.4140707,92.3186892,osm_network_node
osm_node_00153,25.4658907,92.2721437,osm_network_node
osm_node_00154,25.470261,92.2891044,osm_network_node
osm_node_00155,25.467001,92.290617,osm_network_node
osm_node_00156,25.5274749,92.3039317,osm_network_node
osm_node_00157,25.4685198,92.2881568,osm_network_node
osm_node_00158,25.4352518,92.1857688,osm_network_node
osm_node_00159,25.4295165,92.1913165,osm_network_node
osm_node_00160,25.440136,92.193629,osm_network_node
osm_node_00161,25.435521,92.186553,osm_network_node
osm_node_00162,25.440219,92.195434,osm_network_node
osm_node_00163,25.4435144,92.19642,osm_network_node
osm_node_00164,25.4427714,92.1967652,osm_network_node
osm_node_00165,25.4501719,92.1975038,osm_network_node
osm_node_00166,25.4518094,92.1912082,osm_network_node
osm_node_00167,25.4520418,92.1909554,osm_network_node
osm_node_00168,25.4665433,92.2337832,osm_network_node
osm_node_00169,25.387942,92.0518899,osm_network_node
osm_node_00170,25.406769,92.0536173,osm_network_node
osm_node_00171,25.4068754,92.0536878,osm_network_node
osm_node_00172,25.436825,92.0575268,osm_network_node
osm_node_00173,25.426397,92.0138566,osm_network_node
osm_node_00174,25.4263245,92.0137215,osm_network_node
osm_node_00175,25.4321385,92.0383324,osm_network_node
osm_node_00176,25.4322094,92.0383559,osm_network_node
osm_node_00177,25.4335593,92.0430815,osm_network_node
osm_node_00178,25.4335418,92.0432586,osm_network_node
osm_node_00179,25.4340619,92.044377,osm_network_node
osm_node_00180,25.4340977,92.0443965,osm_network_node
osm_node_00181,25.4345609,92.0457087,osm_network_node
osm_node_00182,25.4346299,92.0457732,osm_network_node
osm_node_00183,25.4367837,92.0574494,osm_network_node
osm_node_00184,25.4416843,91.991546,osm_network_node
osm_node_00185,25.4678526,91.991546,osm_network_node
osm_node_00186,25.4636225,92.0089371,osm_network_node
osm_node_00187,25.4796994,92.0825891,osm_network_node
osm_node_00188,25.4767211,92.0968384,osm_network_node
osm_node_00189,25.4797805,92.0826226,osm_network_node
osm_node_00190,25.3280262,92.3195422,osm_network_node
osm_node_00191,25.282905,92.3168439,osm_network_node
osm_node_00192,25.3224876,92.3172207,osm_network_node
osm_node_00193,25.3388945,92.3667686,osm_network_node
osm_node_00194,25.3056312,92.3821916,osm_network_node
osm_node_00195,25.3370542,92.3252982,osm_network_node
osm_node_00196,25.3466319,92.3442158,osm_network_node
osm_node_00197,25.3468815,92.344586,osm_network_node
osm_node_00198,25.3555834,92.368935,osm_network_node
osm_node_00199,25.3688809,92.3307484,osm_network_node
osm_node_00200,25.3693818,92.3339301,osm_network_node
osm_node_00201,25.3914149,92.3330737,osm_network_node
osm_node_00202,25.416648,92.3024,osm_network_node
osm_node_00203,25.4372871,92.3580694,osm_network_node
osm_node_00204,25.4552741,92.3899113,osm_network_node
osm_node_00205,25.4694155,92.3590484,osm_network_node
osm_node_00206,25.3851387,92.3250152,osm_network_node
osm_node_00207,25.4159119,92.4605834,osm_network_node
osm_node_00208,25.447983,92.4115178,osm_network_node
osm_node_00209,25.4475664,92.4116036,osm_network_node
osm_node_00210,25.469372,92.4091199,osm_network_node
osm_node_00211,25.4833313,92.4748461,osm_network_node
osm_node_00212,25.4651237,92.2961217,osm_network_node
osm_node_00213,25.3691391,92.4356496,osm_network_node
osm_node_00214,25.382795,92.4511474,osm_network_node
osm_node_00215,25.3829113,92.4515337,osm_network_node
osm_node_00216,25.5210849,92.4459439,osm_network_node
osm_node_00217,25.5198698,92.4344748,osm_network_node
osm_node_00218,25.5250424,92.4369773,osm_network_node
osm_node_00219,25.4697158,92.3584449,osm_network_node
osm_node_00220,25.470033,92.3662502,osm_network_node
osm_node_00221,25.4692702,92.3694286,osm_network_node
osm_node_00222,25.4733311,92.3538396,osm_network_node
osm_node_00223,25.4770746,92.3523107,osm_network_node
osm_node_00224,25.4799726,92.3555685,osm_network_node
osm_node_00225,25.4764884,92.3522748,osm_network_node
osm_node_00226,25.4824038,92.3509767,osm_network_node
osm_node_00227,25.5234973,92.4419984,osm_network_node
osm_node_00228,25.5307834,92.445032,osm_network_node
osm_node_00229,25.531783,92.3085022,osm_network_node
osm_node_00230,25.5619843,92.3284954,osm_network_node
osm_node_00231,25.562507,92.3283881,osm_network_node
osm_node_00232,25.5010391,92.3996088,osm_network_node
osm_node_00233,25.5110957,92.0411397,osm_network_node
osm_node_00234,25.5078126,92.0251831,osm_network_node
osm_node_00235,25.5144626,91.991546,osm_network_node
osm_node_00236,25.5377257,91.991546,osm_network_node
osm_node_00237,25.5509441,92.0501693,osm_network_node
osm_node_00238,25.546933,92.0798036,osm_network_node
osm_node_00239,25.5301508,92.1240345,osm_network_node
osm_node_00240,25.0146211,92.762395,osm_network_node
osm_node_00241,25.0146515,92.7621683,osm_network_node
osm_node_00242,25.0147499,92.7621576,osm_network_node
osm_node_00243,25.0147122,92.7624004,osm_network_node
osm_node_00244,25.0153867,92.7647835,osm_network_node
osm_node_00245,25.015552,92.7647339,osm_network_node
osm_node_00246,25.0469431,92.7928117,osm_network_node
osm_node_00247,25.046859,92.7924424,osm_network_node
osm_node_00248,25.0470085,92.7919449,osm_network_node
osm_node_00249,25.0469805,92.792421,osm_network_node
osm_node_00250,25.031904,92.7770479,osm_network_node
osm_node_00251,25.034892,92.7786425,osm_network_node
osm_node_00252,25.0376283,92.7801123,osm_network_node
osm_node_00253,25.0355615,92.7792366,osm_network_node
osm_node_00254,25.0397547,92.7817753,osm_network_node
osm_node_00255,25.0377523,92.7801781,osm_network_node
osm_node_00256,25.0396951,92.7817929,osm_network_node
osm_node_00257,25.0498381,92.8017417,osm_network_node
osm_node_00258,25.0494348,92.8015941,osm_network_node
osm_node_00259,25.0495028,92.8014788,osm_network_node
osm_node_00260,25.0498636,92.8016129,osm_network_node
osm_node_00261,25.0579902,92.8026831,osm_network_node
osm_node_00262,25.0566924,92.8013404,osm_network_node
osm_node_00263,25.0580595,92.8025195,osm_network_node
osm_node_00264,25.05817,92.802828,osm_network_node
osm_node_00265,25.0583134,92.8026965,osm_network_node
osm_node_00266,25.0598471,92.8054368,osm_network_node
osm_node_00267,25.0470583,92.7927522,osm_network_node
osm_node_00268,25.0470072,92.7907728,osm_network_node
osm_node_00269,25.0490022,92.7947169,osm_network_node
osm_node_00270,25.0496243,92.7951381,osm_network_node
osm_node_00271,25.0602547,92.8043649,osm_network_node
osm_node_00272,25.0600732,92.8055448,osm_network_node
osm_node_00273,25.0736029,92.8129474,osm_network_node
osm_node_00274,25.0807319,92.8104763,osm_network_node
osm_node_00275,25.0813718,92.8106145,osm_network_node
osm_node_00276,25.0816133,92.810693,osm_network_node
osm_node_00277,25.0820416,92.8109033,osm_network_node
osm_node_00278,25.0820206,92.816762,osm_network_node
osm_node_00279,25.08273,92.8128232,osm_network_node
osm_node_00280,25.0829391,92.8114188,osm_network_node
osm_node_00281,25.0830067,92.8120392,osm_network_node
osm_node_00282,25.0829258,92.8115596,osm_network_node
osm_node_00283,25.0839182,92.8165891,osm_network_node
osm_node_00284,25.0923228,92.8201765,osm_network_node
osm_node_00285,25.0922463,92.8202033,osm_network_node
osm_node_00286,25.0923835,92.8205574,osm_network_node
osm_node_00287,25.0924515,92.8205118,osm_network_node
osm_node_00288,25.0947348,92.8248301,osm_network_node
osm_node_00289,25.181384,92.8168264,osm_network_node
osm_node_00290,25.1781035,92.8188716,osm_network_node
osm_node_00291,25.211508,92.8179073,osm_network_node
osm_node_00292,25.2369663,92.8056335,osm_network_node
osm_node_00293,25.3682521,92.8050448,osm_network_node
osm_node_00294,25.4127364,92.792143,osm_network_node
osm_node_00295,25.3271389,92.81767,osm_network_node
osm_node_00296,25.0012337,92.7473062,osm_network_node
osm_node_00297,24.996775,92.7418319,osm_network_node
osm_node_00298,24.996775,92.7416002,osm_network_node
osm_node_00299,25.0013395,92.7472955,osm_network_node
osm_node_00300,25.0012252,92.7474309,osm_network_node
osm_node_00301,25.0013298,92.747443,osm_network_node
osm_node_00302,25.0050465,92.7468851,osm_network_node
osm_node_00303,25.0050076,92.7467859,osm_network_node
osm_node_00304,25.005121,92.7468388,osm_network_node
osm_node_00305,25.0053839,92.746784,osm_network_node
osm_node_00306,25.0058293,92.7466665,osm_network_node
osm_node_00307,25.0058329,92.7468234,osm_network_node
osm_node_00308,25.0065123,92.7468717,osm_network_node
osm_node_00309,25.0065269,92.746735,osm_network_node
osm_node_00310,25.0072476,92.7473652,osm_network_node
osm_node_00311,25.0073546,92.7472767,osm_network_node
osm_node_00312,25.007707,92.7481444,osm_network_node
osm_node_00313,25.0078104,92.7480518,osm_network_node
osm_node_00314,25.0078468,92.748365,osm_network_node
osm_node_00315,25.008175,92.7489156,osm_network_node
osm_node_00316,25.0105558,92.7540882,osm_network_node
osm_node_00317,25.010664,92.7540225,osm_network_node
osm_node_00318,25.0106798,92.7543926,osm_network_node
osm_node_00319,25.0108025,92.754335,osm_network_node
osm_node_00320,25.0154986,92.7648506,osm_network_node
osm_node_00321,25.0156577,92.7649633,osm_network_node
osm_node_00322,25.0157185,92.7648492,osm_network_node
osm_node_00323,25.0179413,92.7695471,osm_network_node
osm_node_00324,25.0182256,92.7698623,osm_network_node
osm_node_00325,25.0226145,92.7710411,osm_network_node
osm_node_00326,25.0224104,92.7708828,osm_network_node
osm_node_00327,25.023337,92.7711108,osm_network_node
osm_node_00328,25.0232787,92.7712288,osm_network_node
osm_node_00329,25.0235144,92.7713388,osm_network_node
osm_node_00330,25.0235946,92.7712288,osm_network_node
osm_node_00331,25.0277068,92.7708051,osm_network_node
osm_node_00332,25.0302611,92.7754373,osm_network_node
osm_node_00333,25.4146002,92.7857775,osm_network_node
osm_node_00334,25.4425585,92.7325612,osm_network_node
osm_node_00335,25.0286231,92.772075,osm_network_node
osm_node_00336,25.3158552,92.6855564,osm_network_node
osm_node_00337,25.3156903,92.6859695,osm_network_node
osm_node_00338,25.3160007,92.6854545,osm_network_node
osm_node_00339,25.3069517,92.6926964,osm_network_node
osm_node_00340,25.3321839,92.6630527,osm_network_node
osm_node_00341,25.3605812,92.696178,osm_network_node
osm_node_00342,25.5039869,92.6509925,osm_network_node
osm_node_00343,25.5115434,92.7329129,osm_network_node
osm_node_00344,25.4924303,92.7236185,osm_network_node
osm_node_00345,25.4919817,92.6989976,osm_network_node
osm_node_00346,25.5300888,92.7139771,osm_network_node
osm_node_00347,25.5304277,92.7136552,osm_network_node
osm_node_00348,25.4896035,92.7228509,osm_network_node
osm_node_00349,25.3564996,92.558881,osm_network_node
osm_node_00350,25.5126767,92.6512642,osm_network_node
osm_node_00351,25.6404673,92.5464678,osm_network_node
osm_node_00352,25.6979844,92.7874911,osm_network_node
osm_node_00353,25.9875774,92.6337863,osm_network_node
osm_node_00354,26.003597,92.6583303,osm_network_node
osm_node_00355,25.5154459,92.6482133,osm_network_node
osm_node_00356,25.5287268,92.6357415,osm_network_node
osm_node_00357,25.5294499,92.6352918,osm_network_node
osm_node_00358,25.5301562,92.6348405,osm_network_node
osm_node_00359,25.8734016,92.5993864,osm_network_node
osm_node_00360,25.9237363,92.6897326,osm_network_node
osm_node_00361,25.9700493,92.5932814,osm_network_node
osm_node_00362,25.9330034,92.7014984,osm_network_node
osm_node_00363,25.945078,92.6061662,osm_network_node
osm_node_00364,25.9449837,92.6064367,osm_network_node
osm_node_00365,25.9447591,92.6061452,osm_network_node
osm_node_00366,25.9846826,92.6249555,osm_network_node
osm_node_00367,25.9844894,92.6253532,osm_network_node
osm_node_00368,25.9848081,92.6253594,osm_network_node
osm_node_00369,26.0011745,92.5988446,osm_network_node
osm_node_00370,26.003597,92.5980707,osm_network_node
osm_node_00371,25.3650384,92.8131437,osm_network_node
osm_node_00372,25.4052308,92.8420245,osm_network_node
osm_node_00373,25.8678809,92.7901331,osm_network_node
osm_node_00374,25.8678568,92.7903429,osm_network_node
osm_node_00375,25.7388865,92.8753911,osm_network_node
osm_node_00376,25.7446943,92.8148657,osm_network_node
osm_node_00377,25.7459748,92.8145063,osm_network_node
osm_node_00378,25.87276,92.8372598,osm_network_node
osm_node_00379,25.8671254,92.8051149,osm_network_node
osm_node_00380,25.9087796,92.8211152,osm_network_node
osm_node_00381,25.868976,92.816693,osm_network_node
osm_node_00382,25.8889075,92.8299075,osm_network_node
osm_node_00383,25.8728318,92.8370093,osm_network_node
osm_node_00384,25.899148,92.8068083,osm_network_node
osm_node_00385,25.9134764,92.8327182,osm_network_node
osm_node_00386,25.5119306,92.742366,osm_network_node
osm_node_00387,25.5202806,92.7330856,osm_network_node
osm_node_00388,25.5884671,92.7328894,osm_network_node
osm_node_00389,25.5885107,92.7333936,osm_network_node
osm_node_00390,25.4671344,92.2330543,osm_network_node
osm_node_00391,25.4665972,92.2340427,osm_network_node
osm_node_00392,25.4965466,92.1711683,osm_network_node
osm_node_00393,25.4776388,92.2223765,osm_network_node
osm_node_00394,25.47791,92.2216871,osm_network_node
osm_node_00395,25.4807381,92.2031236,osm_network_node
osm_node_00396,25.4812393,92.2008732,osm_network_node
osm_node_00397,25.4885268,92.171713,osm_network_node
osm_node_00398,25.4908248,92.1807109,osm_network_node
osm_node_00399,25.4908433,92.1808955,osm_network_node
osm_node_00400,25.4909169,92.1838707,osm_network_node
osm_node_00401,25.491988,92.1831646,osm_network_node
osm_node_00402,25.4968351,92.1893395,osm_network_node
osm_node_00403,25.4681374,92.2407793,osm_network_node
osm_node_00404,25.5067813,92.2421926,osm_network_node
osm_node_00405,25.4951102,92.1728361,osm_network_node
osm_node_00406,25.4950185,92.1714603,osm_network_node
osm_node_00407,25.5023991,92.1728763,osm_network_node
osm_node_00408,25.4986363,92.2097352,osm_network_node
osm_node_00409,25.4987017,92.209864,osm_network_node
osm_node_00410,25.509708,92.2210783,osm_network_node
osm_node_00411,25.4992839,92.1750945,osm_network_node
osm_node_00412,25.5114074,92.1927434,osm_network_node
osm_node_00413,25.5100832,92.2211936,osm_network_node
osm_node_00414,25.5120077,92.1931887,osm_network_node
osm_node_00415,25.5133875,92.1939504,osm_network_node
osm_node_00416,25.5137699,92.1941757,osm_network_node
osm_node_00417,25.5069411,92.2422758,osm_network_node
osm_node_00418,25.5212931,92.2494775,osm_network_node
osm_node_00419,25.5225324,92.2468623,osm_network_node
osm_node_00420,25.5165585,92.2547239,osm_network_node
osm_node_00421,25.5179576,92.2467631,osm_network_node
osm_node_00422,25.5158638,92.2451833,osm_network_node
osm_node_00423,25.5185046,92.2443947,osm_network_node
osm_node_00424,25.520078,92.2497082,osm_network_node
osm_node_00425,25.5193369,92.294931,osm_network_node
osm_node_00426,25.5317395,92.2061115,osm_network_node
osm_node_00427,25.5648782,92.2091532,osm_network_node
osm_node_00428,25.5550445,92.2119212,osm_network_node
osm_node_00429,25.5652823,92.2091639,osm_network_node
osm_node_00430,25.5194529,92.1544375,osm_network_node
osm_node_00431,25.6129608,92.2419432,osm_network_node
osm_node_00432,25.5699859,92.2085094,osm_network_node
osm_node_00433,25.641744,92.1936232,osm_network_node
osm_node_00434,25.6055632,92.1271245,osm_network_node
osm_node_00435,25.565768,92.184558,osm_network_node
osm_node_00436,25.5470262,92.0796897,osm_network_node
osm_node_00437,25.5508229,92.0532071,osm_network_node
osm_node_00438,25.5512712,92.0513303,osm_network_node
osm_node_00439,25.5509283,92.0515533,osm_network_node
osm_node_00440,25.5510639,92.0506547,osm_network_node
osm_node_00441,25.5512874,92.0514491,osm_network_node
osm_node_00442,25.5512011,92.0514903,osm_network_node
osm_node_00443,25.5512115,92.0509927,osm_network_node
osm_node_00444,25.5514668,92.0513186,osm_network_node
osm_node_00445,25.5523452,92.0517732,osm_network_node
osm_node_00446,25.5550215,92.0599754,osm_network_node
osm_node_00447,25.5526658,92.0566488,osm_network_node
osm_node_00448,25.5514281,92.054721,osm_network_node
osm_node_00449,25.5517632,92.0705554,osm_network_node
osm_node_00450,25.5817726,92.0578225,osm_network_node
osm_node_00451,25.5819355,92.0579846,osm_network_node
osm_node_00452,25.5915103,92.0610249,osm_network_node
osm_node_00453,25.591704,92.0607478,osm_network_node
osm_node_00454,25.5916211,92.0609042,osm_network_node
osm_node_00455,25.591668,92.0609259,osm_network_node
osm_node_00456,25.5920249,92.0560102,osm_network_node
osm_node_00457,25.5925763,92.0557362,osm_network_node
osm_node_00458,25.592559,92.0356719,osm_network_node
osm_node_00459,25.5925058,92.0357712,osm_network_node
osm_node_00460,25.5968177,92.040174,osm_network_node
osm_node_00461,25.5968616,92.0405244,osm_network_node
osm_node_00462,25.6026364,92.0498447,osm_network_node
osm_node_00463,25.6121634,92.0476458,osm_network_node
osm_node_00464,25.6125615,92.0475126,osm_network_node
osm_node_00465,25.6152192,92.0707174,osm_network_node
osm_node_00466,25.6159353,92.0801206,osm_network_node
osm_node_00467,25.6145474,92.0556416,osm_network_node
osm_node_00468,25.6145553,92.0556939,osm_network_node
osm_node_00469,25.6153799,92.0514627,osm_network_node
osm_node_00470,25.6211621,92.0896943,osm_network_node
osm_node_00471,25.621407,92.1120344,osm_network_node
osm_node_00472,25.6219034,92.0902133,osm_network_node
osm_node_00473,25.6213695,92.1122932,osm_network_node
osm_node_00474,25.6348426,92.1219841,osm_network_node
osm_node_00475,25.6349081,92.1220228,osm_network_node
osm_node_00476,25.6443766,92.1266826,osm_network_node
osm_node_00477,25.6443945,92.1267071,osm_network_node
osm_node_00478,25.6454762,92.128353,osm_network_node
osm_node_00479,25.6457773,92.1287821,osm_network_node
osm_node_00480,25.6421575,92.1930009,osm_network_node
osm_node_00481,25.6450047,92.168114,osm_network_node
osm_node_00482,25.6554759,92.1327654,osm_network_node
osm_node_00483,25.0096492,92.4357569,osm_network_node
osm_node_00484,25.01554,92.4404645,osm_network_node
osm_node_00485,25.0156302,92.4406117,osm_network_node
osm_node_00486,25.0179353,92.4408181,osm_network_node
osm_node_00487,25.0176809,92.4401481,osm_network_node
osm_node_00488,25.0177337,92.4392607,osm_network_node
osm_node_00489,25.0178781,92.4403003,osm_network_node
osm_node_00490,25.0186128,92.4341252,osm_network_node
osm_node_00491,25.01925,92.4328753,osm_network_node
osm_node_00492,25.0193364,92.4327726,osm_network_node
osm_node_00493,25.008296,92.5021037,osm_network_node
osm_node_00494,25.0229747,92.4312286,osm_network_node
osm_node_00495,25.0317093,92.4304948,osm_network_node
osm_node_00496,25.0350524,92.434959,osm_network_node
osm_node_00497,25.0169594,92.4921555,osm_network_node
osm_node_00498,25.0170013,92.4917821,osm_network_node
osm_node_00499,25.0212881,92.4741393,osm_network_node
osm_node_00500,25.0213873,92.473801,osm_network_node
osm_node_00501,25.0242066,92.4654031,osm_network_node
osm_node_00502,25.0242079,92.4652659,osm_network_node
osm_node_00503,25.0340612,92.4610138,osm_network_node
osm_node_00504,25.1971434,92.3723253,osm_network_node
osm_node_00505,25.173092,92.3356891,osm_network_node
osm_node_00506,25.2070768,92.3545772,osm_network_node
osm_node_00507,25.2167738,92.3583698,osm_network_node
osm_node_00508,25.2209669,92.3531073,osm_network_node
osm_node_00509,25.2101559,92.3730112,osm_network_node
osm_node_00510,25.3633773,92.3614153,osm_network_node
osm_node_00511,25.3261643,92.4967825,osm_network_node
osm_node_00512,25.2613508,92.4980834,osm_network_node
osm_node_00513,25.1957212,92.4852758,osm_network_node
osm_node_00514,25.3636702,92.5374086,osm_network_node
osm_node_00515,25.4052531,92.5426698,osm_network_node
osm_node_00516,25.4508506,92.5137287,osm_network_node
osm_node_00517,25.4520276,92.50278,osm_network_node
osm_node_00518,25.3917706,92.4578208,osm_network_node
osm_node_00519,25.3865535,92.4653792,osm_network_node
osm_node_00520,25.4014048,92.4611001,osm_network_node
osm_node_00521,25.3981334,92.4587864,osm_network_node
osm_node_00522,25.2615133,92.4980955,osm_network_node
osm_node_00523,25.3871278,92.4568659,osm_network_node
osm_node_00524,25.3884872,92.5378954,osm_network_node
osm_node_00525,25.511296,92.4593711,osm_network_node
osm_node_00526,25.5379546,92.4638289,osm_network_node
osm_node_00527,25.5532442,92.5170882,osm_network_node
osm_node_00528,25.5216731,92.4284855,osm_network_node
osm_node_00529,25.3572994,92.558763,osm_network_node
osm_node_00530,25.4054893,92.5432853,osm_network_node
osm_node_00531,25.507723,92.5578618,osm_network_node
osm_node_00532,25.5077158,92.5581273,osm_network_node
osm_node_00533,25.6404286,92.5462049,osm_network_node
osm_node_00534,25.4359791,92.5784933,osm_network_node
osm_node_00535,25.5050185,92.5601227,osm_network_node
osm_node_00536,25.8402726,92.5664596,osm_network_node
osm_node_00537,25.8403667,92.566579,osm_network_node
osm_node_00538,25.5215318,92.4450506,osm_network_node
osm_node_00539,25.5242639,92.436586,osm_network_node
osm_node_00540,25.5237914,92.442022,osm_network_node
osm_node_00541,25.5234921,92.4424289,osm_network_node
osm_node_00542,25.5241928,92.4365321,osm_network_node
osm_node_00543,25.5243628,92.4355554,osm_network_node
osm_node_00544,25.5627489,92.3730268,osm_network_node
osm_node_00545,25.7250635,92.4385069,osm_network_node
osm_node_00546,25.7537689,92.5042365,osm_network_node
osm_node_00547,25.8024606,92.5286338,osm_network_node
osm_node_00548,25.8027359,92.5284514,osm_network_node
osm_node_00549,25.9134913,92.4985897,osm_network_node
osm_node_00550,25.93128,92.5105128,osm_network_node
osm_node_00551,25.913694,92.498532,osm_network_node
osm_node_00552,25.9469001,92.5107864,osm_network_node
osm_node_00553,25.9468736,92.5106415,osm_network_node
osm_node_00554,25.9850179,92.5096357,osm_network_node
osm_node_00555,25.9368399,92.5081041,osm_network_node
osm_node_00556,25.9221218,92.4780842,osm_network_node
osm_node_00557,25.8985361,92.4393696,osm_network_node
osm_node_00558,25.8438417,92.5708263,osm_network_node
osm_node_00559,25.8440203,92.5709684,osm_network_node
osm_node_00560,25.8444415,92.5719126,osm_network_node
osm_node_00561,25.8536769,92.5890264,osm_network_node
osm_node_00562,25.8182257,92.5439063,osm_network_node
osm_node_00563,25.8184309,92.5437105,osm_network_node
osm_node_00564,25.9745486,92.5330782,osm_network_node
osm_node_00565,25.9621251,92.5499815,osm_network_node
osm_node_00566,25.9600318,92.584523,osm_network_node
osm_node_00567,25.8536419,92.5891927,osm_network_node
osm_node_00568,25.9700632,92.5946666,osm_network_node
osm_node_00569,25.960068,92.5847724,osm_network_node
osm_node_00570,25.9694945,92.5954387,osm_network_node
osm_node_00571,25.970688,92.5918163,osm_network_node
osm_node_00572,25.9794374,92.5821096,osm_network_node
osm_node_00573,25.9689006,92.581925,osm_network_node
osm_node_00574,25.9734997,92.5921646,osm_network_node
osm_node_00575,25.9779123,92.5773212,osm_network_node
osm_node_00576,25.971096,92.590874,osm_network_node
osm_node_00577,25.9755553,92.5470009,osm_network_node
osm_node_00578,25.9894059,92.5580737,osm_network_node
osm_node_00579,25.9896844,92.5581599,osm_network_node
osm_node_00580,26.003597,92.4994148,osm_network_node
osm_node_00581,25.9860932,92.5102204,osm_network_node
osm_node_00582,25.9866657,92.5103148,osm_network_node
osm_node_00583,25.7102066,91.9951974,osm_network_node
osm_node_00584,25.6909752,92.076129,osm_network_node
osm_node_00585,25.6848103,92.0388517,osm_network_node
osm_node_00586,25.7068119,92.0149914,osm_network_node
osm_node_00587,25.6701105,92.1465616,osm_network_node
osm_node_00588,25.6701791,92.1465315,osm_network_node
osm_node_00589,25.5640961,92.3655741,osm_network_node
osm_node_00590,25.7241495,92.3937388,osm_network_node
osm_node_00591,25.7240638,92.3936181,osm_network_node
osm_node_00592,25.7901318,92.2369368,osm_network_node
osm_node_00593,25.8781787,92.34586,osm_network_node
osm_node_00594,25.9290788,92.2967541,osm_network_node
osm_node_00595,25.9349343,92.2969915,osm_network_node
osm_node_00596,25.935073,92.2957262,osm_network_node
osm_node_00597,25.8942783,92.4141506,osm_network_node
osm_node_00598,25.8941799,92.4236749,osm_network_node
osm_node_00599,25.9041201,92.349943,osm_network_node
osm_node_00600,25.610305,92.2384503,osm_network_node
osm_node_00601,25.6140965,92.2335881,osm_network_node
osm_node_00602,25.6181317,92.2438784,osm_network_node
osm_node_00603,25.6145214,92.2476871,osm_network_node
osm_node_00604,25.6420796,92.2315416,osm_network_node
osm_node_00605,25.6763704,92.1570258,osm_network_node
osm_node_00606,25.6978497,92.1532365,osm_network_node
osm_node_00607,25.672204,92.1581738,osm_network_node
osm_node_00608,25.6979663,92.1531547,osm_network_node
osm_node_00609,25.7295575,92.1411741,osm_network_node
osm_node_00610,25.6713857,92.157243,osm_network_node
osm_node_00611,25.7441918,92.1769251,osm_network_node
osm_node_00612,25.7253698,92.1633089,osm_network_node
osm_node_00613,25.7704264,92.142102,osm_network_node
osm_node_00614,25.8033226,92.1195593,osm_network_node
osm_node_00615,25.8033999,92.1195218,osm_network_node
osm_node_00616,25.8052122,92.1188365,osm_network_node
osm_node_00617,25.8049321,92.1156299,osm_network_node
osm_node_00618,25.8057652,92.1179728,osm_network_node
osm_node_00619,25.8586576,92.1067277,osm_network_node
osm_node_00620,25.9022882,92.1282028,osm_network_node
osm_node_00621,25.7416453,92.1551053,osm_network_node
osm_node_00622,25.8320429,92.2137988,osm_network_node
osm_node_00623,25.9463767,92.3001257,osm_network_node
osm_node_00624,26.003597,92.2621429,osm_network_node
osm_node_00625,25.9365792,92.2980917,osm_network_node
osm_node_00626,25.9370107,92.2946889,osm_network_node
osm_node_00627,25.9368565,92.2980813,osm_network_node
osm_node_00628,25.9374127,92.2988828,osm_network_node
osm_node_00629,25.7077539,92.0108808,osm_network_node
osm_node_00630,25.7106836,91.9945018,osm_network_node
osm_node_00631,25.7113366,91.991546,osm_network_node
osm_node_00632,25.728357,91.991546,osm_network_node
osm_node_00633,25.7920496,92.0467575,osm_network_node
osm_node_00634,25.7870049,92.0326082,osm_network_node
osm_node_00635,25.7982593,92.067609,osm_network_node
osm_node_00636,25.875383,92.0665885,osm_network_node
osm_node_00637,25.8753951,92.0667795,osm_network_node
osm_node_00638,25.8786567,92.0432913,osm_network_node
osm_node_00639,25.9552634,92.0301919,osm_network_node
osm_node_00640,25.9552156,92.0302322,osm_network_node
osm_node_00641,25.9654997,92.0936388,osm_network_node
osm_node_00642,25.9988794,92.0878016,osm_network_node
osm_node_00643,25.9629927,92.0311535,osm_network_node
osm_node_00644,25.8242448,92.0891431,osm_network_node
osm_node_00645,25.8856116,92.070151,osm_network_node
osm_node_00646,25.8835376,92.0698988,osm_network_node
osm_node_00647,25.949737,92.1386755,osm_network_node
osm_node_00648,25.9613889,92.1470795,osm_network_node
osm_node_00649,25.9778303,92.1529582,osm_network_node
osm_node_00650,25.9873367,92.1465725,osm_network_node
osm_node_00651,25.9849488,92.116698,osm_network_node
osm_node_00652,25.9850685,92.116503,osm_network_node
osm_node_00653,25.9850274,92.1162548,osm_network_node
osm_node_00654,25.9938936,92.1270167,osm_network_node
osm_node_00655,25.9921267,92.1346464,osm_network_node
osm_node_00656,25.9931157,92.0954293,osm_network_node
osm_node_00657,25.9612529,91.9941133,osm_network_node
osm_node_00658,25.9550884,91.9924194,osm_network_node
osm_node_00659,25.9612815,92.016181,osm_network_node
osm_node_00660,25.9613103,92.0160452,osm_network_node
osm_node_00661,25.9655808,92.0938596,osm_network_node
osm_node_00662,25.9655907,92.0939339,osm_network_node
osm_node_00663,25.9775296,92.0844564,osm_network_node
osm_node_00664,25.9989742,92.0876987,osm_network_node
osm_node_00665,26.003597,92.0902018,osm_network_node
osm_node_00666,25.9610606,91.9952298,osm_network_node
osm_node_00667,26.003597,92.06026,osm_network_node
osm_node_00668,25.8783151,92.3459311,osm_network_node
osm_node_00669,25.9033963,92.3484121,osm_network_node
osm_node_00670,25.9034343,92.3482901,osm_network_node
osm_node_00671,25.9034789,92.3481493,osm_network_node
osm_node_00672,25.905512,92.3455451,osm_network_node
osm_node_00673,25.9054209,92.3452743,osm_network_node
osm_node_00674,25.9055659,92.3453262,osm_network_node
osm_node_00675,25.9083296,92.3440596,osm_network_node
osm_node_00676,25.8985002,92.4380904,osm_network_node
osm_node_00677,25.9428843,92.299667,osm_network_node
osm_node_00678,25.9464925,92.3032409,osm_network_node
osm_node_00679,25.9465045,92.3004904,osm_network_node
osm_node_00680,25.9481678,92.3295804,osm_network_node
osm_node_00681,25.9502109,92.3403172,osm_network_node
osm_node_00682,25.950317,92.3404634,osm_network_node
osm_node_00683,25.9661379,92.3571126,osm_network_node
osm_node_00684,26.003597,92.3622118,osm_network_node
osm_node_00685,25.9633769,91.9924245,osm_network_node
osm_node_00686,25.9666197,91.991546,osm_network_node
osm_node_00687,25.9973293,92.1319833,osm_network_node
osm_node_00688,26.003597,92.1341788,osm_network_node
osm_node_00689,25.8828539,92.7466464,osm_network_node
osm_node_00690,25.6121108,92.7785377,osm_network_node
osm_node_00691,25.8503024,92.7521878,osm_network_node
osm_node_00692,25.8504062,92.7522603,osm_network_node
osm_node_00693,25.861334,92.7659331,osm_network_node
osm_node_00694,25.8830588,92.7463728,osm_network_node
osm_node_00695,25.9285807,92.758373,osm_network_node
osm_node_00696,25.9286241,92.7638771,osm_network_node
osm_node_00697,25.9286772,92.7641104,osm_network_node
osm_node_00698,25.9295311,92.7665164,osm_network_node
osm_node_00699,25.9287592,92.7580943,osm_network_node
osm_node_00700,25.929214,92.7466906,osm_network_node
osm_node_00701,25.5859851,92.7217072,osm_network_node
osm_node_00702,25.9304009,92.7004145,osm_network_node
osm_node_00703,25.9274994,92.6936226,osm_network_node
osm_node_00704,25.8390656,92.7226192,osm_network_node
osm_node_00705,25.9311357,92.7343832,osm_network_node
osm_node_00706,25.9091223,92.7276498,osm_network_node
osm_node_00707,25.932831,92.7016135,osm_network_node
osm_node_00708,25.9483521,92.7688117,osm_network_node
osm_node_00709,25.9381776,92.7854974,osm_network_node
osm_node_00710,25.9443836,92.7605361,osm_network_node
osm_node_00711,25.9382349,92.7587678,osm_network_node
osm_node_00712,25.9441255,92.768864,osm_network_node
osm_node_00713,25.9448018,92.7844055,osm_network_node
osm_node_00714,25.958105,92.7418426,osm_network_node
osm_node_00715,25.9381703,92.746684,osm_network_node
osm_node_00716,25.9522908,92.7606059,osm_network_node
osm_node_00717,25.9501346,92.7634689,osm_network_node
osm_node_00718,25.9502385,92.7630539,osm_network_node
osm_node_00719,25.9602053,92.7783711,osm_network_node
osm_node_00720,25.9581833,92.7774266,osm_network_node
osm_node_00721,25.9134648,92.8011703,osm_network_node
osm_node_00722,25.9635422,92.7782337,osm_network_node
osm_node_00723,25.9711958,92.7827589,osm_network_node
osm_node_00724,25.9753733,92.7971309,osm_network_node
osm_node_00725,25.9958485,92.7972276,osm_network_node
osm_node_00726,25.9802809,92.8205221,osm_network_node
osm_node_00727,25.9753395,92.7957898,osm_network_node
osm_node_00728,25.9777476,92.8011523,osm_network_node
osm_node_00729,25.9980439,92.8088259,osm_network_node
osm_node_00730,25.9995653,92.7988361,osm_network_node
osm_node_00731,25.9328782,92.7014528,osm_network_node
osm_node_00732,25.9321857,92.7245571,osm_network_node
osm_node_00733,25.9297568,92.7380119,osm_network_node
osm_node_00734,25.9381812,92.7448108,osm_network_node
osm_node_00735,25.9330555,92.7016787,osm_network_node
osm_node_00736,25.9330001,92.7016192,osm_network_node
osm_node_00737,26.003597,92.7411127,osm_network_node
osm_node_00738,25.9581938,92.7562392,osm_network_node
osm_node_00739,25.950981,92.7752092,osm_network_node
osm_node_00740,25.9805284,92.760213,osm_network_node
osm_node_00741,26.003597,92.7557048,osm_network_node
osm_node_00742,26.0019904,92.7835637,osm_network_node
osm_node_00743,25.9777233,92.7851791,osm_network_node
osm_node_00744,26.003597,92.7611439,osm_network_node
osm_node_00745,26.0009897,92.8414629,osm_network_node
osm_node_00746,25.9980554,92.8158693,osm_network_node
osm_node_00747,26.003597,92.8141607,osm_network_node
osm_node_00748,25.5858422,91.991546,osm_network_node
osm_node_00749,25.7949749,91.991546,osm_network_node
osm_node_00750,25.7936284,91.991546,osm_network_node
osm_node_00751,25.9058692,91.991546,osm_network_node
osm_node_00752,25.9630706,91.991546,osm_network_node
osm_node_00753,25.7740713,91.991546,osm_network_node
osm_node_00754,25.7836865,92.0123649,osm_network_node
osm_node_00755,25.0988345,92.8364305,osm_network_node
osm_node_00756,25.0991982,92.8368521,osm_network_node
osm_node_00757,25.1003956,92.8380435,osm_network_node
osm_node_00758,25.1037875,92.8895384,osm_network_node
osm_node_00759,25.1036076,92.8894282,osm_network_node
osm_node_00760,25.1042234,92.8679067,osm_network_node
osm_node_00761,25.1043284,92.8680482,osm_network_node
osm_node_00762,25.1094832,92.8800227,osm_network_node
osm_node_00763,25.1005382,92.8383094,osm_network_node
osm_node_00764,25.1005611,92.8389875,osm_network_node
osm_node_00765,25.1006044,92.8390753,osm_network_node
osm_node_00766,25.1114381,92.8472078,osm_network_node
osm_node_00767,25.1022962,92.8408295,osm_network_node
osm_node_00768,25.1115401,92.8473258,osm_network_node
osm_node_00769,25.1146293,92.8564024,osm_network_node
osm_node_00770,25.1081921,92.8528037,osm_network_node
osm_node_00771,25.1146294,92.8560081,osm_network_node
osm_node_00772,25.1097167,92.9359671,osm_network_node
osm_node_00773,25.1097273,92.935634,osm_network_node
osm_node_00774,25.104946,92.9719313,osm_network_node
osm_node_00775,25.1109572,92.9515324,osm_network_node
osm_node_00776,25.1113664,92.951386,osm_network_node
osm_node_00777,25.1114357,92.9469539,osm_network_node
osm_node_00778,25.2032375,92.9649004,osm_network_node
osm_node_00779,25.2801862,92.8925908,osm_network_node
osm_node_00780,25.105049,92.9720513,osm_network_node
osm_node_00781,25.1074747,92.9941447,osm_network_node
osm_node_00782,25.1075854,92.994208,osm_network_node
osm_node_00783,25.1121756,92.999998,osm_network_node
osm_node_00784,25.2229247,92.999998,osm_network_node
osm_node_00785,25.1145605,92.8562426,osm_network_node
osm_node_00786,25.1147128,92.856263,osm_network_node
osm_node_00787,25.1150641,92.8566384,osm_network_node
osm_node_00788,25.1160186,92.8569536,osm_network_node
osm_node_00789,25.1167402,92.8589996,osm_network_node
osm_node_00790,25.1103682,92.8677486,osm_network_node
osm_node_00791,25.1167022,92.8591329,osm_network_node
osm_node_00792,25.1205794,92.8600126,osm_network_node
osm_node_00793,25.4103951,92.857963,osm_network_node
osm_node_00794,25.8484732,92.8833655,osm_network_node
osm_node_00795,25.8579831,92.8475219,osm_network_node
osm_node_00796,25.9125453,92.8287776,osm_network_node
osm_node_00797,25.4236024,92.8814115,osm_network_node
osm_node_00798,25.7370771,92.8760423,osm_network_node
osm_node_00799,25.7376056,92.8757867,osm_network_node
osm_node_00800,25.7381154,92.8757384,osm_network_node
osm_node_00801,25.8486843,92.8850482,osm_network_node
osm_node_00802,25.8489665,92.8873781,osm_network_node
osm_node_00803,25.4189193,92.9898809,osm_network_node
osm_node_00804,25.7572657,92.9150237,osm_network_node
osm_node_00805,25.6231815,92.9193136,osm_network_node
osm_node_00806,25.5469681,92.9733588,osm_network_node
osm_node_00807,25.7705563,92.9354986,osm_network_node
osm_node_00808,25.7621605,92.9553652,osm_network_node
osm_node_00809,25.7575432,92.9149467,osm_network_node
osm_node_00810,25.7576148,92.9150739,osm_network_node
osm_node_00811,25.8038077,92.939381,osm_network_node
osm_node_00812,25.8048405,92.9398155,osm_network_node
osm_node_00813,25.8447892,92.9010195,osm_network_node
osm_node_00814,25.8393528,92.9003397,osm_network_node
osm_node_00815,25.8485358,92.8894278,osm_network_node
osm_node_00816,25.8445283,92.8995542,osm_network_node
osm_node_00817,25.8292102,92.9201619,osm_network_node
osm_node_00818,25.8091266,92.931542,osm_network_node
osm_node_00819,25.900697,92.9208291,osm_network_node
osm_node_00820,25.9006415,92.920467,osm_network_node
osm_node_00821,25.9181112,92.9482466,osm_network_node
osm_node_00822,25.3197744,92.999998,osm_network_node
osm_node_00823,25.4082693,92.999998,osm_network_node
osm_node_00824,25.4178509,92.9961598,osm_network_node
osm_node_00825,25.4190706,92.9968787,osm_network_node
osm_node_00826,25.7872965,92.999998,osm_network_node
osm_node_00827,25.8200196,92.9925513,osm_network_node
osm_node_00828,25.8311823,92.998817,osm_network_node
osm_node_00829,25.8304329,92.999998,osm_network_node
osm_node_00830,25.4618455,92.9769945,osm_network_node
osm_node_00831,25.4617342,92.9762596,osm_network_node
osm_node_00832,25.4761739,92.9665554,osm_network_node
osm_node_00833,25.795813,92.9361277,osm_network_node
osm_node_00834,25.7845237,92.999998,osm_network_node
osm_node_00835,25.8714649,92.9856151,osm_network_node
osm_node_00836,25.8725895,92.9878038,osm_network_node
osm_node_00837,25.8749594,92.9855883,osm_network_node
osm_node_00838,25.8750415,92.9853576,osm_network_node
osm_node_00839,25.8775416,92.9824313,osm_network_node
osm_node_00840,25.8945611,92.9831582,osm_network_node
osm_node_00841,25.9204127,92.9939729,osm_network_node
osm_node_00842,25.9238154,92.999998,osm_network_node
osm_node_00843,25.9252663,92.9935813,osm_network_node
osm_node_00844,25.9498763,92.9942116,osm_network_node
osm_node_00845,25.9485834,92.999998,osm_network_node
osm_node_00846,25.9577043,92.999998,osm_network_node
osm_node_00847,25.9475392,92.9811144,osm_network_node
osm_node_00848,25.9489914,92.955382,osm_network_node
osm_node_00849,25.8951077,92.999998,osm_network_node
osm_node_00850,25.8949647,92.999998,osm_network_node
osm_node_00851,25.9489937,92.9552532,osm_network_node
osm_node_00852,25.8527265,92.9136197,osm_network_node
osm_node_00853,25.8804182,92.9640448,osm_network_node
osm_node_00854,25.8791802,92.9642782,osm_network_node
osm_node_00855,25.8805437,92.9639536,osm_network_node
osm_node_00856,25.9158734,92.9561871,osm_network_node
osm_node_00857,25.8467529,92.8947577,osm_network_node
osm_node_00858,25.864525,92.9122299,osm_network_node
osm_node_00859,25.9274861,92.882746,osm_network_node
osm_node_00860,25.9303473,92.9056478,osm_network_node
osm_node_00861,25.9309012,92.9091614,osm_network_node
osm_node_00862,25.9313039,92.901099,osm_network_node
osm_node_00863,25.9143085,92.876717,osm_network_node
osm_node_00864,25.9131058,92.8765855,osm_network_node
osm_node_00865,25.9164713,92.954951,osm_network_node
osm_node_00866,25.9097853,92.942446,osm_network_node
osm_node_00867,25.9159715,92.9560258,osm_network_node
osm_node_00868,25.9164311,92.9552699,osm_network_node
osm_node_00869,25.916892,92.9535635,osm_network_node
osm_node_00870,25.9165174,92.9550867,osm_network_node
osm_node_00871,25.9165911,92.9547563,osm_network_node
osm_node_00872,25.9168159,92.9538479,osm_network_node
osm_node_00873,25.9181525,92.957586,osm_network_node
osm_node_00874,25.9171704,92.9525462,osm_network_node
osm_node_00875,25.9186741,92.9463183,osm_network_node
osm_node_00876,25.9167938,92.9437325,osm_network_node
osm_node_00877,25.9182603,92.9587638,osm_network_node
osm_node_00878,25.9211943,92.950387,osm_network_node
osm_node_00879,25.9307033,92.9535316,osm_network_node
osm_node_00880,25.9186516,92.960574,osm_network_node
osm_node_00881,25.9295643,92.9547356,osm_network_node
osm_node_00882,25.9305806,92.9537423,osm_network_node
osm_node_00883,25.9302886,92.953383,osm_network_node
osm_node_00884,25.9371631,92.9559472,osm_network_node
osm_node_00885,25.9282527,92.9226315,osm_network_node
osm_node_00886,25.9108142,92.9428718,osm_network_node
osm_node_00887,25.9592601,92.8946654,osm_network_node
osm_node_00888,25.9243825,92.9517731,osm_network_node
osm_node_00889,25.9566266,92.9528841,osm_network_node
osm_node_00890,25.9642713,92.9091507,osm_network_node
osm_node_00891,25.9790578,92.9294322,osm_network_node
osm_node_00892,25.9842934,92.9205617,osm_network_node
osm_node_00893,25.9898665,92.9388399,osm_network_node
osm_node_00894,25.9792497,92.9366062,osm_network_node
osm_node_00895,25.854841,92.8877896,osm_network_node
osm_node_00896,25.8592221,92.8887086,osm_network_node
osm_node_00897,25.9301626,92.8788306,osm_network_node
osm_node_00898,25.9226852,92.8823316,osm_network_node
osm_node_00899,25.9302763,92.8697287,osm_network_node
osm_node_00900,25.9992209,92.8530066,osm_network_node
osm_node_00901,25.9460605,92.8367938,osm_network_node
osm_node_00902,25.9605885,92.8950313,osm_network_node
osm_node_00903,25.979738,92.8501935,osm_network_node
osm_node_00904,25.9867448,92.8811109,osm_network_node
osm_node_00905,25.9804853,92.8772191,osm_network_node
osm_node_00906,25.9803599,92.8207889,osm_network_node
osm_node_00907,25.9991201,92.8481676,osm_network_node
osm_node_00908,25.9729296,92.8458808,osm_network_node
osm_node_00909,25.9974881,92.8524509,osm_network_node
osm_node_00910,25.9928013,92.8404335,osm_network_node
osm_node_00911,25.9890736,92.8413255,osm_network_node
osm_node_00912,25.9868033,92.8811464,osm_network_node
osm_node_00913,25.9885753,92.8821502,osm_network_node
osm_node_00914,25.994047,92.8703928,osm_network_node
osm_node_00915,25.994059,92.8703425,osm_network_node
osm_node_00916,25.9939445,92.8625782,osm_network_node
osm_node_00917,25.9959667,92.8599063,osm_network_node
osm_node_00918,26.001237,92.8436601,osm_network_node
osm_node_00919,26.0008655,92.8435998,osm_network_node
osm_node_00920,25.9962831,92.8520404,osm_network_node
osm_node_00921,25.9975131,92.8578549,osm_network_node
osm_node_00922,25.9996384,92.8594289,osm_network_node
osm_node_00923,25.9999985,92.8517823,osm_network_node
osm_node_00924,25.9976311,92.8502697,osm_network_node
osm_node_00925,26.001294,92.8497343,osm_network_node
osm_node_00926,26.0019736,92.8531324,osm_network_node
osm_node_00927,25.9994793,92.8599948,osm_network_node
osm_node_00928,26.0010191,92.8878492,osm_network_node
osm_node_00929,26.001387,92.849516,osm_network_node
osm_node_00930,26.0023247,92.8547717,osm_network_node
osm_node_00931,26.0013486,92.8539072,osm_network_node
osm_node_00932,26.0013699,92.8497202,osm_network_node
osm_node_00933,26.0030998,92.8537878,osm_network_node
osm_node_00934,26.003597,92.861248,osm_network_node
osm_node_00935,26.0029666,92.8537469,osm_network_node
osm_node_00936,26.0017314,92.8476851,osm_network_node
osm_node_00937,26.0033419,92.8540042,osm_network_node
osm_node_00938,26.003597,92.849291,osm_network_node
osm_node_00939,26.003597,92.8578644,osm_network_node
osm_node_00940,26.003597,92.8537066,osm_network_node
osm_node_00941,25.9127002,92.9725633,osm_network_node
osm_node_00942,25.9248224,92.9956198,osm_network_node
osm_node_00943,25.9203046,92.9799517,osm_network_node
osm_node_00944,25.9468015,92.9934679,osm_network_node
osm_node_00945,25.9452303,92.9549778,osm_network_node
osm_node_00946,25.9722386,92.9751706,osm_network_node
osm_node_00947,25.9535168,92.9549307,osm_network_node
osm_node_00948,25.9947484,92.999998,osm_network_node
osm_node_00949,26.003597,92.85427,osm_network_node
osm_node_00950,25.9570325,92.9526658,osm_network_node
osm_node_00951,25.9571093,92.9527833,osm_network_node
osm_node_00952,25.9534095,92.9546973,osm_network_node
osm_node_00953,25.9534275,92.9547402,osm_network_node
osm_node_00954,25.9473366,92.9141772,osm_network_node
osm_node_00955,25.9270036,92.8877706,osm_network_node
osm_node_00956,25.9930579,92.9059235,osm_network_node
osm_node_00957,26.003597,92.8914388,osm_network_node
osm_node_00958,26.0031341,92.8857883,osm_network_node
osm_node_00959,25.9569691,92.9529405,osm_network_node
osm_node_00960,25.9807679,92.9542457,osm_network_node
osm_node_00961,25.9926369,92.9272178,osm_network_node
osm_node_00962,25.9817246,92.9539867,osm_network_node
osm_node_00963,26.003597,92.9538716,osm_network_node
osm_node_00964,26.0006235,92.9626603,osm_network_node
osm_node_00965,25.9888006,92.9906925,osm_network_node
osm_node_00966,26.003597,92.8847768,osm_network_node
osm_node_00967,26.003597,92.9236708,osm_network_node
osm_node_00968,26.003597,92.923782,osm_network_node
